,state,latitude,longitude,1/22/20,1/23/20,1/24/20,1/25/20,1/26/20,1/27/20,1/28/20,1/29/20,1/30/20,1/31/20,2/1/20,2/2/20,2/3/20,2/4/20,2/5/20,2/6/20,2/7/20,2/8/20,2/9/20,2/10/20,2/11/20,2/12/20,2/13/20,2/14/20,2/15/20,2/16/20,2/17/20,2/18/20,2/19/20,2/20/20,2/21/20,2/22/20,2/23/20,2/24/20,2/25/20,2/26/20,2/27/20,2/28/20,2/29/20,3/1/20,3/2/20,3/3/20,3/4/20,3/5/20,3/6/20,3/7/20,3/8/20,3/9/20,3/10/20,3/11/20,3/12/20,3/13/20,3/14/20,3/15/20,3/16/20,3/17/20,3/18/20,3/19/20,3/20/20,3/21/20,3/22/20,3/23/20,3/24/20,3/25/20,3/26/20,3/27/20,3/28/20,3/29/20,3/30/20,3/31/20,4/1/20,4/2/20,4/3/20,4/4/20,4/5/20,4/6/20,4/7/20,4/8/20,4/9/20,4/10/20,4/11/20,4/12/20,4/13/20,4/14/20,4/15/20,4/16/20,4/17/20,4/18/20,4/19/20,4/20/20,4/21/20,4/22/20,4/23/20,4/24/20,4/25/20,4/26/20,4/27/20,4/28/20,4/29/20,4/30/20,5/1/20,5/2/20,5/3/20,5/4/20,5/5/20,5/6/20,5/7/20,5/8/20,5/9/20
0,Alabama,33.2588817,-86.8295337,0,0,0,0,0,0,0,0,0,0,0,0,0,0,0,0,0,0,0,0,0,0,0,0,0,0,0,0,0,0,0,0,0,0,0,0,0,0,0,0,0,0,0,0,0,0,0,0,0,0,0,5,7,11,29,39,51,78,106,131,157,196,241,377,511,581,688,819,893,980,1052,1223,1483,1602,1753,1940,2157,2316,2688,2930,3198,3544,3715,3930,4051,4319,4545,4687,4862,5051,5287,5561,5799,5990,5990,6384,6500,6710,6869,7044,7252,7566,7840,8059,8384,8633,8985,9318,9318
1,Alaska,64.4459613,-149.680909,0,0,0,0,0,0,0,0,0,0,0,0,0,0,0,0,0,0,0,0,0,0,0,0,0,0,0,0,0,0,0,0,0,0,0,0,0,0,0,0,0,0,0,0,0,0,0,0,0,0,0,1,1,1,1,3,5,8,11,13,18,30,34,41,56,58,85,102,114,119,132,143,157,171,185,190,213,226,235,246,257,272,277,285,293,300,309,314,319,321,329,335,337,339,339,340,345,351,355,355,364,365,368,370,371,372,374,377,377
2,Arizona,34.395342,-111.7632755,0,0,0,0,1,1,1,1,1,1,1,1,1,1,1,1,1,1,1,1,1,1,1,1,1,1,1,1,1,1,1,1,1,1,1,1,1,1,1,1,1,1,1,1,2,4,4,4,6,9,9,9,12,12,18,20,27,45,68,101,149,231,322,394,499,654,760,906,1140,1273,1396,1579,1752,1999,2246,2435,2547,2692,2966,3057,3327,3470,3616,3712,3854,4119,4370,4555,4755,4866,5030,5238,5504,5749,5972,6198,6363,6575,6817,7206,7491,7857,8114,8375,8729,9095,9315,9855,9855
3,Arkansas,35.2048883,-92.4479108,0,0,0,0,0,0,0,0,0,0,0,0,0,0,0,0,0,0,0,0,0,0,0,0,0,0,0,0,0,0,0,0,0,0,0,0,0,0,0,0,0,0,0,0,0,0,0,0,0,0,0,9,12,3,3,3,4,62,100,122,165,192,219,280,335,381,409,426,472,522,583,642,703,742,836,874,945,999,1117,1169,1226,1278,1408,1496,1567,1618,1693,1742,1779,1971,1988,2274,2597,2808,2909,2999,3067,3125,3191,3279,3335,3370,3434,3488,3523,3609,3701,3745,3745
4,California,36.7014631,-118.7559974,0,0,0,0,2,2,2,2,2,3,3,3,6,6,6,6,6,6,6,6,7,7,8,8,8,8,8,8,8,8,10,10,10,10,10,10,11,11,12,12,21,24,34,50,58,79,93,99,141,173,216,274,361,362,539,673,798,967,1195,1337,1575,1990,2403,2863,3721,4437,4875,5582,6855,7897,9086,10414,11561,12394,14468,15431,16717,18223,19036,20315,20900,21950,23043,24468,25722,26670,28094,29377,30267,32493,34224,36102,38209,39952,40929,42088,43466,44631,47179,48527,50390,51641,53154,54108,56647,58753,60231,61818,61818
5,Colorado,38.7251776,-105.6077167,0,0,0,0,0,0,0,0,0,0,0,0,0,0,0,0,0,0,0,0,0,0,0,0,0,0,0,0,0,0,0,0,0,0,0,0,0,0,0,0,0,0,0,0,3,7,7,7,14,30,43,73,95,93,126,161,208,267,351,461,573,686,698,994,1380,1383,1669,2197,2201,2785,2801,3130,3482,3894,4596,4816,5041,5238,5238,5727,5970,6660,6998,7224,7230,7528,7886,8187,8815,8815,9477,9858,10196,11004,11666,12093,12488,12886,13268,13699,14128,14495,14855,15103,15484,15880,16324,16710,16710
6,Connecticut,41.6500201,-72.7342163,0,0,0,0,0,0,0,0,0,0,0,0,0,0,0,0,0,0,0,0,0,0,0,0,0,0,0,0,0,0,0,0,0,0,0,0,0,0,0,0,0,0,0,0,0,0,0,0,0,1,1,3,8,9,12,20,27,57,72,72,119,145,234,329,405,539,616,748,1126,1258,1571,1692,2198,2452,2625,3187,3645,3645,4902,5358,6103,6501,7377,7776,8275,9068,9663,10187,10528,11495,11888,12586,13092,13709,14210,14740,15234,15438,15782,16406,17152,17486,17486,17728,18261,18540,19105,19532,26312
7,Delaware,38.6920451,-75.4013315,0,0,0,0,0,0,0,0,0,0,0,0,0,0,0,0,0,0,0,0,0,0,0,0,0,0,0,0,0,0,0,0,0,0,0,0,0,0,0,0,0,0,0,0,0,0,0,0,0,1,1,4,6,6,8,16,18,26,34,40,51,62,94,105,113,142,189,207,237,285,327,350,396,525,587,655,781,915,995,1096,1224,1344,1470,1597,1669,1718,1933,2121,2121,2315,2472,2697,2769,2884,2997,3409,3510,3847,3912,3975,4145,4245,4387,4455,4524,4887,4994,5148,5148
8,District of Columbia,38.893661249999994,-76.98788325388196,0,0,0,0,0,0,0,0,0,0,0,0,0,0,0,0,0,0,0,0,0,0,0,0,0,0,0,0,0,0,0,0,0,0,0,0,0,0,0,0,0,0,0,0,0,0,0,0,0,0,0,0,0,0,0,0,0,0,0,0,0,0,0,0,0,0,0,0,0,0,0,0,0,0,0,0,0,0,0,0,0,0,0,0,0,0,0,0,0,0,0,0,0,0,0,0,0,0,0,0,0,0,0,0,0,0,0,0,3994
9,Federal prisons,0.0,0.0,,,,,,,,,,,,,,,,,,,,,,,,,,,,,,,,,,,,,,,,,,,,,,,,,,,,,,,,,,,,,,,,,,,,,,,,,,,,,,,,,,,,,,,,,,,,,,,,,,,,,,,,,,,,,1648
10,Florida,27.7567667,-81.4639835,0,0,0,0,0,0,0,0,0,0,0,0,0,0,0,0,0,0,0,0,0,0,0,0,0,0,0,0,0,0,0,0,0,0,0,0,0,0,0,0,1,2,2,3,3,7,10,13,15,23,29,48,75,99,100,186,299,421,549,738,969,1191,1375,1637,2308,2843,3696,4175,5394,6654,6866,8913,10158,11421,12227,13193,14406,15312,16214,17364,18320,19680,20832,21433,22317,23143,24557,25287,26104,26841,27645,28082,29417,30289,30594,31281,31884,32593,32931,33423,34455,35188,35792,36608,37150,37707,38528,38893,38893
11,Georgia,32.3293809,-83.1137366,0,0,0,0,0,0,0,0,0,0,0,0,0,0,0,0,0,0,0,0,0,0,0,0,0,0,0,0,0,0,0,0,0,0,0,0,0,0,0,0,0,2,2,2,3,5,5,10,17,23,31,42,73,99,121,146,197,287,485,555,621,772,1026,1246,1525,2000,2366,2651,2808,3927,4637,5345,5828,6155,6642,7308,8816,9895,10559,11478,12150,12443,13304,14565,14973,15652,17176,17651,18281,19386,19860,21167,21834,22438,23168,23430,24242,24857,25710,26194,27417,28259,28593,29377,29921,30665,31530,32092,32092
12,Hawaii,21.2160437,-157.975203,0,0,0,0,0,0,0,0,0,0,0,0,0,0,0,0,0,0,0,0,0,0,0,0,0,0,0,0,0,0,0,0,0,0,0,0,0,0,0,0,0,0,0,0,0,1,1,1,2,2,2,2,4,6,8,10,15,25,36,36,53,53,88,89,91,101,139,139,163,189,209,238,299,329,349,364,387,387,414,414,434,460,464,470,483,489,500,513,518,520,522,525,528,532,536,536,537,539,543,545,546,547,546,546,551,552,555,555,609
13,Idaho,43.6447642,-114.0154071,0,0,0,0,0,0,0,0,0,0,0,0,0,0,0,0,0,0,0,0,0,0,0,0,0,0,0,0,0,0,0,0,0,0,0,0,0,0,0,0,0,0,0,0,0,0,0,0,0,0,0,1,1,2,2,5,6,20,28,31,31,55,62,67,107,151,158,189,227,320,371,464,584,662,693,699,751,772,785,859,883,890,909,926,935,1020,1033,1062,1070,1074,1120,1144,1201,1228,1237,1247,1247,1290,1290,1313,1334,1356,1356,1396,1414,1441,1457,1457,1917
14,Illinois,40.0796606,-89.4337288,0,0,1,1,1,1,1,1,1,2,2,2,2,2,2,2,2,2,2,2,2,2,2,2,2,2,2,2,2,2,2,2,2,2,2,2,2,2,2,3,4,4,4,5,5,6,7,7,12,25,32,46,64,66,83,161,272,422,584,752,1048,1284,1536,1864,2537,3023,3490,4594,5054,5992,6978,7693,8902,10354,11256,12254,13544,15077,16400,17863,19155,20827,21999,23221,24566,25705,27548,29129,30323,31479,33030,35078,36908,39626,41745,43871,45850,48062,50318,52878,56015,58465,61459,63737,65849,68192,70831,73719,76085
15,Indiana,40.3270127,-86.1746933,0,0,0,0,0,0,0,0,0,0,0,0,0,0,0,0,0,0,0,0,0,0,0,0,0,0,0,0,0,0,0,0,0,0,0,0,0,0,0,0,0,0,0,0,1,1,2,3,5,10,12,12,15,19,24,29,37,59,85,127,203,269,367,476,644,978,1232,1512,1785,2157,2563,3037,3436,3951,4409,4954,5508,5941,6349,6903,7431,7923,8354,8521,8954,9536,10148,10634,11204,11681,12090,12431,13032,13674,14392,15004,15954,16581,17175,17828,18623,19287,19925,20499,21024,21862,22495,23138,23138
16,Iowa,41.9216734,-93.3122705,0,0,0,0,0,0,0,0,0,0,0,0,0,0,0,0,0,0,0,0,0,0,0,0,0,0,0,0,0,0,0,0,0,0,0,0,0,0,0,0,0,0,0,0,0,0,0,3,8,13,14,17,17,18,23,23,37,43,44,68,89,104,123,145,178,234,297,335,423,496,546,613,698,786,868,945,1045,1144,1269,1387,1509,1586,1709,1898,1994,2140,2331,2512,2901,3158,3640,3747,3923,4444,5091,5475,5867,6375,6842,7144,7883,8642,9174,9702,10109,10401,11056,11454,11454
17,Kansas,38.27312,-98.5821872,0,0,0,0,0,0,0,0,0,0,0,0,0,0,0,0,0,0,0,0,0,0,0,0,0,0,0,0,0,0,0,0,0,0,0,0,0,0,0,0,0,0,0,0,0,0,1,1,1,1,4,6,8,8,11,18,22,35,48,57,65,84,100,134,172,206,266,330,372,434,485,553,629,698,751,849,912,1046,1116,1117,1275,1344,1390,1441,1504,1615,1730,1821,1905,2048,2164,2331,2721,2959,3135,3277,3473,3652,3839,4413,4634,4885,5156,5383,5648,5993,6332,6667,6667
18,Kentucky,37.5726028,-85.1551411,0,0,0,0,0,0,0,0,0,0,0,0,0,0,0,0,0,0,0,0,0,0,0,0,0,0,0,0,0,0,0,0,0,0,0,0,0,0,0,0,0,0,0,0,1,1,1,4,5,8,10,14,16,18,21,26,28,50,64,87,103,123,162,197,247,301,380,438,479,628,632,770,770,914,952,952,1146,1146,1335,1687,1687,1952,2007,2005,2167,2390,2477,2660,2907,2996,3150,3318,3416,3699,3832,4002,4079,4296,4458,4627,4801,4798,5049,5164,5741,5852,6045,6204,6204
19,Louisiana,30.8703881,-92.007126,0,0,0,0,0,0,0,0,0,0,0,0,0,0,0,0,0,0,0,0,0,0,0,0,0,0,0,0,0,0,0,0,0,0,0,0,0,0,0,0,0,0,0,0,0,0,0,0,0,5,19,29,77,87,115,196,257,392,537,763,837,1171,1386,1793,2301,2736,3306,3531,4014,5198,6377,9088,10225,12431,12935,14788,16202,16944,18194,19159,19916,20496,20915,21414,21846,22424,23008,23470,23818,24409,24740,25141,25622,26011,26382,26643,26938,27156,27530,27871,28578,29007,29206,29539,29860,30259,30510,30713,30713
20,Maine,45.709097,-68.8590201,0,0,0,0,0,0,0,0,0,0,0,0,0,0,0,0,0,0,0,0,0,0,0,0,0,0,0,0,0,0,0,0,0,0,0,0,0,0,0,0,0,0,0,0,0,0,0,0,0,0,0,2,2,1,16,24,32,49,53,67,86,104,115,138,150,162,204,245,267,292,292,364,413,436,450,476,496,514,536,562,589,605,670,706,739,764,795,812,832,840,852,871,900,927,927,973,981,998,1013,1047,1071,1099,1129,1145,1164,1187,1256,1296,1296
21,Maryland,39.5162234,-76.9382069,0,0,0,0,0,0,0,0,0,0,0,0,0,0,0,0,0,0,0,0,0,0,0,0,0,0,0,0,0,0,0,0,0,0,0,0,0,0,0,0,0,0,0,0,3,3,5,5,8,9,12,18,27,24,42,60,85,107,149,193,244,290,349,425,583,775,995,1239,1413,1660,1986,2330,2756,3122,3611,4039,4364,5523,6177,6958,7683,8212,8921,9455,10015,10764,11546,12293,12814,13652,14137,14717,15660,16526,17661,18468,19373,19998,20733,21624,23354,24352,25338,26282,26988,28034,29231,30342,30342
22,Massachusetts,42.3788774,-72.032366,0,0,0,0,0,0,0,0,0,0,1,1,1,1,1,1,1,1,1,1,1,1,1,1,1,1,1,1,1,1,1,1,1,1,1,1,1,1,1,1,1,2,2,2,6,6,22,22,41,92,107,123,137,137,186,215,250,323,404,512,616,747,1119,1787,2350,3140,4124,4807,5579,6429,7483,8683,10088,11406,12153,13454,14797,16367,18497,20510,22380,24974,26365,27650,29388,31631,33829,35782,37445,37445,40527,42266,45315,50222,52592,54166,55664,57482,59423,61345,63409,65326,67141,68126,69302,71028,72700,74295,76743
23,Michigan,43.6211955,-84.6824346,0,0,0,0,0,0,0,0,0,0,0,0,0,0,0,0,0,0,0,0,0,0,0,0,0,0,0,0,0,0,0,0,0,0,0,0,0,0,0,0,0,0,0,0,0,0,0,0,0,2,2,16,25,32,54,63,119,259,402,540,1035,1329,1793,2296,2845,3634,4650,5488,6498,7615,9315,10791,12744,14225,15718,17221,18970,20346,21504,22434,23605,24244,25635,27001,28058,28808,30022,30790,31423,31996,32663,33962,35292,36662,37070,37775,38206,39258,40395,41375,42352,43202,43797,43986,44447,45175,45741,46382,46382
24,Minnesota,45.9896587,-94.6113288,0,0,0,0,0,0,0,0,0,0,0,0,0,0,0,0,0,0,0,0,0,0,0,0,0,0,0,0,0,0,0,0,0,0,0,0,0,0,0,0,0,0,0,0,1,1,1,2,2,5,9,14,21,21,53,59,77,89,113,134,167,234,261,286,344,396,441,503,576,629,689,742,788,865,935,986,1069,1154,1240,1336,1427,1621,1621,1695,1809,1809,2069,2208,2355,2469,2566,2721,2941,3184,3445,3601,3810,4180,4643,5135,5729,6231,6662,7233,7850,8578,9364,10086,10086
25,Mississippi,32.9715645,-89.7348497,0,0,0,0,0,0,0,0,0,0,0,0,0,0,0,0,0,0,0,0,0,0,0,0,0,0,0,0,0,0,0,0,0,0,0,0,0,0,0,0,0,0,0,0,0,0,0,0,0,0,1,6,6,6,12,21,34,50,79,138,206,247,318,375,482,573,657,752,840,927,1062,1163,1344,1439,1619,1719,1891,1978,2233,2427,2593,2730,2885,3025,3296,3554,3720,3901,4193,4429,4626,4798,5052,5330,5609,5798,5978,6219,6440,6682,7064,7292,7402,7728,8056,8270,8529,8933,8933
26,Missouri,38.7604815,-92.5617875,0,0,0,0,0,0,0,0,0,0,0,0,0,0,0,0,0,0,0,0,0,0,0,0,0,0,0,0,0,0,0,0,0,0,0,0,0,0,0,0,0,0,0,0,0,0,1,1,1,1,2,4,4,5,6,12,18,39,73,80,99,185,256,353,519,665,835,914,1050,1355,1610,1851,1858,2300,2337,2726,3119,3198,3421,3886,4097,4258,4504,4734,4779,5162,5359,5567,5731,5878,6054,6265,6494,6776,6923,7108,7293,7438,7648,7806,8055,8344,8606,8934,9109,9311,9569,9721,9721
27,Montana,47.3752671,-109.6387579,0,0,0,0,0,0,0,0,0,0,0,0,0,0,0,0,0,0,0,0,0,0,0,0,0,0,0,0,0,0,0,0,0,0,0,0,0,0,0,0,0,0,0,0,0,0,0,0,0,0,0,1,5,6,6,8,10,11,20,27,34,34,51,65,90,109,129,154,171,198,208,241,243,264,285,298,318,331,353,364,376,386,393,398,403,414,421,425,432,432,436,438,441,443,444,447,448,450,450,452,452,454,454,456,455,455,455,457,457
28,Nebraska,41.7370229,-99.5873816,0,0,0,0,0,0,0,0,0,0,0,0,0,0,0,0,0,0,0,0,0,0,0,0,0,0,0,0,0,0,0,0,0,0,0,0,0,0,0,0,0,0,0,0,1,1,1,3,3,5,10,14,18,17,18,23,24,28,36,37,50,50,65,70,73,81,94,106,142,169,206,240,273,313,353,404,432,492,540,597,654,737,760,835,839,887,1002,1164,1376,1548,1584,1710,2091,2304,2594,2901,3217,3374,3704,4117,4821,5115,5458,5833,6169,6477,7118,7600,7600
29,Nevada,39.5158825,-116.8537227,0,0,0,0,0,0,0,0,0,0,0,0,0,0,0,0,0,0,0,0,0,0,0,0,0,0,0,0,0,0,0,0,0,0,0,0,0,0,0,0,0,0,0,1,2,2,4,4,4,7,10,18,20,20,45,55,55,95,161,161,190,245,278,323,420,536,626,920,1012,1114,1279,1463,1514,1742,1855,1953,2124,2259,2456,2722,2702,2836,2990,3134,3211,3213,3523,3623,3725,3827,3934,4078,4205,4395,4536,4731,4697,4818,4931,5050,5245,5386,5469,5627,5657,5738,5852,5917,5917
30,New Hampshire,43.4849133,-71.6553992,0,0,0,0,0,0,0,0,0,0,0,0,0,0,0,0,0,0,0,0,0,0,0,0,0,0,0,0,0,0,0,0,0,0,0,0,0,0,0,0,1,2,2,2,2,2,4,4,4,5,6,6,7,7,17,26,37,42,53,61,73,97,94,101,129,150,178,205,305,345,355,466,466,526,604,697,697,726,798,798,864,908,963,898,1115,1115,1262,1317,1364,1421,1462,1560,1642,1690,1766,1833,1903,1976,2024,2112,2273,2391,2479,2548,2596,2700,2801,2905,2905
31,New Jersey,40.0757384,-74.4041622,0,0,0,0,0,0,0,0,0,0,0,0,0,0,0,0,0,0,0,0,0,0,0,0,0,0,0,0,0,0,0,0,0,0,0,0,0,0,0,0,0,0,0,2,2,4,5,5,15,23,29,49,69,72,176,250,394,738,887,1323,1909,2838,3669,4390,6866,8811,11107,13362,16607,18665,22215,25540,29823,34026,37384,40958,44272,47269,50836,54377,57921,61597,64317,68540,70708,74973,78097,81038,84903,88312,91918,95409,99481,101630,104902,108400,110439,112988,115457,117688,120178,122667,125669,127134,129403,130644,132689,134417,137085
32,New Mexico,34.5708167,-105.993007,0,0,0,0,0,0,0,0,0,0,0,0,0,0,0,0,0,0,0,0,0,0,0,0,0,0,0,0,0,0,0,0,0,0,0,0,0,0,0,0,0,0,0,0,0,0,0,0,0,2,3,5,7,7,7,9,12,15,19,23,25,45,57,65,65,81,115,136,136,186,198,225,288,304,378,424,487,514,540,674,684,805,807,890,1007,1007,1106,1271,1303,1405,1405,1610,1748,1870,1990,2038,2131,2236,2448,2600,2683,2849,2930,3087,3175,3310,3481,3643,3643
33,New York,40.7127281,-74.0060152,0,0,0,0,0,0,0,0,0,0,0,0,0,0,0,0,0,0,0,0,0,0,0,0,0,0,0,0,0,0,0,0,0,0,0,0,0,0,0,0,1,2,11,23,31,76,106,142,150,220,325,419,606,608,952,1553,3002,5661,8333,11639,15677,20757,25535,30689,37706,44689,52215,59443,66446,75607,83708,92253,102720,113540,122855,131496,139542,150719,161400,171922,180580,188555,195250,202485,213906,223110,229978,236826,242700,247729,252815,257485,262702,270785,281244,287097,291017,294097,298624,303207,307110,311739,315157,317666,319898,322657,326121,329023,338435
34,North Carolina,35.6729639,-79.0392919,0,0,0,0,0,0,0,0,0,0,0,0,0,0,0,0,0,0,0,0,0,0,0,0,0,0,0,0,0,0,0,0,0,0,0,0,0,0,0,0,0,1,1,1,2,2,2,2,7,7,15,17,25,32,39,64,92,136,188,254,303,351,492,587,734,882,1015,1185,1306,1528,1668,1964,2237,2470,2630,2942,3275,3469,3706,3932,4320,4534,4818,5040,5297,5594,5998,6280,6551,6845,7076,7435,7757,8217,8691,8907,9337,9661,10084,10645,10961,11467,11646,11843,12382,12925,13397,13857,13857
35,North Dakota,47.6201461,-100.540737,0,0,0,0,0,0,0,0,0,0,0,0,0,0,0,0,0,0,0,0,0,0,0,0,0,0,0,0,0,0,0,0,0,0,0,0,0,0,0,0,0,0,0,0,0,0,0,0,0,0,1,1,1,1,1,3,6,19,26,28,28,30,36,45,51,68,94,98,109,122,142,159,173,186,207,225,237,251,269,278,293,308,331,341,365,393,393,528,585,627,644,679,709,748,803,867,942,991,1033,1067,1107,1153,1191,1225,1266,1323,1371,1425,1425
36,Ohio,40.2253569,-82.6881395,0,0,0,0,0,0,0,0,0,0,0,0,0,0,0,0,0,0,0,0,0,0,0,0,0,0,0,0,0,0,0,0,0,0,0,0,0,0,0,0,0,0,0,0,0,0,0,0,3,4,5,12,26,30,50,67,89,119,173,247,356,443,567,704,868,1137,1406,1653,1933,2199,2547,2901,3312,3738,4041,4451,4780,5146,5509,5875,6247,6601,6972,7282,7791,8411,9104,10219,11599,12916,13722,14113,14690,15165,15583,15968,16321,16765,17298,18023,18738,19330,19909,20469,20964,21571,22126,23011,23011
37,Oklahoma,34.9550817,-97.2684063,0,0,0,0,0,0,0,0,0,0,0,0,0,0,0,0,0,0,0,0,0,0,0,0,0,0,0,0,0,0,0,0,0,0,0,0,0,0,0,0,0,0,0,0,0,1,1,1,2,2,3,3,4,4,10,17,17,44,49,53,67,81,106,162,246,319,374,425,477,564,713,872,976,1147,1236,1309,1449,1501,1661,1768,1841,1943,2042,2156,2234,2328,2436,2436,2524,2634,2760,2845,2967,3068,3140,3199,3226,3346,3409,3554,3683,3786,3907,3979,4061,4134,4261,4352,4352
38,Oregon,43.9792797,-120.737257,0,0,0,0,0,0,0,0,0,0,0,0,0,0,0,0,0,0,0,0,0,0,0,0,0,0,0,0,0,0,0,0,0,0,0,0,0,0,1,1,3,3,3,3,3,6,14,14,14,19,24,30,36,36,39,66,75,88,114,137,161,191,210,266,316,416,479,548,606,690,736,826,899,899,1068,1068,1132,1181,1321,1322,1371,1527,1584,1633,1663,1736,1785,1844,1910,1957,2004,2059,2127,2177,2253,2311,2354,2385,2446,2510,2579,2635,2680,2759,2839,2915,2988,3067,3067
39,Pennsylvania,40.9699889,-77.7278831,0,0,0,0,0,0,0,0,0,0,0,0,0,0,0,0,0,0,0,0,0,0,0,0,0,0,0,0,0,0,0,0,0,0,0,0,0,0,0,0,0,0,0,0,2,2,6,7,12,16,22,41,47,47,79,112,155,206,307,395,504,692,940,1254,1788,2337,2837,3424,4147,4954,5997,7250,8551,10423,11567,13102,14825,16598,18262,20008,21675,22890,24236,25402,26689,28191,29818,31578,32822,33829,35158,35990,38284,40098,41040,42499,43436,45013,46197,47834,49439,50353,51080,52668,53716,54652,55805,57217,57217
40,Rhode Island,41.7962409,-71.5992372,0,0,0,0,0,0,0,0,0,0,0,0,0,0,0,0,0,0,0,0,0,0,0,0,0,0,0,0,0,0,0,0,0,0,0,0,0,0,0,1,2,2,2,2,2,3,3,3,3,5,3,12,20,20,21,23,33,44,54,62,69,82,100,108,159,197,233,282,396,474,548,624,690,785,898,1057,1202,1419,1696,1690,2310,2626,2626,3212,3202,3479,4120,4434,4647,5023,5432,5753,6161,6597,7022,7328,7593,7812,8102,8478,8820,9145,9325,9498,9779,10051,10376,10625,10625
41,South Carolina,33.6874388,-80.4363743,0,0,0,0,0,0,0,0,0,0,0,0,0,0,0,0,0,0,0,0,0,0,0,0,0,0,0,0,0,0,0,0,0,0,0,0,0,0,0,0,0,0,0,0,0,2,2,3,7,10,7,8,19,19,30,47,60,79,125,173,195,297,341,421,421,538,657,771,922,1079,1289,1548,1694,1911,2043,2226,2412,2412,2786,3060,3202,3311,3382,3544,3646,3921,4089,4233,4360,4429,4422,4739,4894,5046,5229,5471,5584,5706,5853,6064,6227,6458,6593,6724,6808,6903,7108,7333,7333
42,South Dakota,44.6471761,-100.348761,0,0,0,0,0,0,0,0,0,0,0,0,0,0,0,0,0,0,0,0,0,0,0,0,0,0,0,0,0,0,0,0,0,0,0,0,0,0,0,0,0,0,0,0,0,0,0,0,0,8,7,8,8,8,10,11,11,14,14,14,21,28,30,41,46,57,67,89,100,107,128,164,186,211,239,287,319,392,446,535,625,729,867,987,1167,1310,1410,1541,1634,1684,1754,1857,1955,2039,2146,2211,2243,2312,2372,2448,2524,2587,2630,2667,2720,2779,2905,3144,3144
43,Tennessee,35.7730076,-86.2820081,0,0,0,0,0,0,0,0,0,0,0,0,0,0,0,0,0,0,0,0,0,0,0,0,0,0,0,0,0,0,0,0,0,0,0,0,0,0,0,0,0,0,0,1,1,1,3,3,3,9,18,26,32,32,52,74,100,154,222,303,392,613,771,913,1094,1314,1506,1714,1911,2381,2923,3003,3057,3312,3623,3792,4128,4352,4623,4880,5120,5496,5595,5812,5812,6150,6247,6573,7054,7222,7373,7373,8243,8704,9165,9642,9894,10028,10339,10707,11863,12633,13149,13541,13661,13909,14065,14410,14410
44,Texas,31.8160381,-99.5120986,0,0,0,0,0,0,0,0,0,0,0,0,0,0,0,0,0,0,0,0,0,0,0,0,0,0,0,0,0,0,0,0,0,0,0,0,0,0,0,0,0,0,0,3,4,8,11,13,16,21,27,44,60,63,85,110,196,306,429,582,643,758,955,1229,1563,1937,2455,2792,3147,3808,4354,5068,5733,6566,7208,8042,8923,9775,11206,12102,13020,13674,14272,15002,15901,16870,17843,18698,19252,19743,20564,21307,22634,23624,24135,24948,25298,26331,27228,28698,29660,30885,31966,32749,33874,34888,35996,37205,37205
45,U.S. military,0.0,0.0,,,,,,,,,,,,,,,,,,,,,,,,,,,,,,,,,,,,,,,,,,,,,,,,,,,,,,,,,,,,,,,,,,,,,,,,,,,,,,,,,,,,,,,,,,,,,,,,,,,,,,,,,,,,,6648
46,Utah,39.4225192,-111.7143584,0,0,0,0,0,0,0,0,0,0,0,0,0,0,0,0,0,0,0,0,0,0,0,0,0,0,0,0,0,0,0,0,0,0,0,0,0,0,0,0,0,0,0,0,0,1,1,1,2,3,3,9,10,18,28,39,47,62,95,118,162,257,298,340,396,472,602,719,798,888,888,1086,1248,1428,1601,1678,1739,1848,1856,2103,2207,2303,2363,2417,2548,2683,2793,2917,3069,3213,3297,3445,3612,3782,3948,4123,4236,4345,4497,4672,4828,4985,5175,5317,5449,5595,5724,5919,5919
47,Vermont,44.5990718,-72.5002608,0,0,0,0,0,0,0,0,0,0,0,0,0,0,0,0,0,0,0,0,0,0,0,0,0,0,0,0,0,0,0,0,0,0,0,0,0,0,0,0,0,0,0,0,0,0,1,1,1,1,2,2,5,5,12,12,12,21,28,46,49,69,87,116,146,171,196,218,239,270,297,312,357,427,472,503,528,558,578,629,657,672,692,696,703,718,722,742,752,755,757,762,764,766,782,790,794,801,801,805,818,825,836,841,846,847,855,857,862
48,Virginia,37.1232245,-78.4927721,0,0,0,0,0,0,0,0,0,0,0,0,0,0,0,0,0,0,0,0,0,0,0,0,0,0,0,0,0,0,0,0,0,0,0,0,0,0,0,0,0,0,0,0,0,0,2,2,8,9,12,27,37,37,49,67,79,103,122,156,219,253,292,394,464,605,738,887,1014,1242,1476,1696,2004,2399,2629,2867,3324,3634,4031,4497,5062,5259,5732,6167,6485,6870,7463,8020,8500,8938,9578,10207,10922,11494,12220,12783,13343,14116,14733,15583,16599,17385,18272,19068,19828,19828,21107,21879,21879
49,Washington,47.7511,-120.7401,1,1,1,1,1,1,1,1,1,1,1,1,1,1,1,1,1,1,1,1,1,1,1,1,1,1,1,1,1,1,1,1,1,1,1,1,1,1,7,11,18,27,39,70,78,102,122,122,167,282,442,568,642,603,779,955,1022,1374,1524,1793,1997,2220,2327,2590,3204,3474,4025,4460,4916,5419,5594,6369,6826,7227,7802,8285,8665,9247,9609,10089,10404,10573,10598,10760,10903,11017,11477,11736,11937,12073,12349,12552,12708,12932,13273,13475,13640,13796,14023,14280,14590,14955,15137,15414,15546,15856,16182,16339,16339
50,West Virginia,38.4758406,-80.8408415,0,0,0,0,0,0,0,0,0,0,0,0,0,0,0,0,0,0,0,0,0,0,0,0,0,0,0,0,0,0,0,0,0,0,0,0,0,0,0,0,0,0,0,0,0,0,0,0,0,0,0,0,0,0,0,0,1,2,8,12,16,16,22,39,52,76,96,113,145,162,190,215,236,280,322,343,409,479,509,570,573,589,607,636,698,724,771,781,886,898,904,935,977,1006,1006,1051,1059,1091,1106,1120,1147,1180,1190,1219,1240,1236,1281,1316,1316
51,Wisconsin,44.4308975,-89.6884637,0,0,0,0,0,0,0,0,0,0,0,0,0,0,0,0,0,0,0,0,0,0,0,0,0,0,0,0,0,0,0,0,0,0,0,0,0,0,0,0,0,0,0,0,0,0,0,0,3,4,8,19,27,28,48,73,111,159,219,282,381,425,481,621,728,926,1055,1164,1230,1412,1556,1747,2011,2029,2319,2447,2576,2708,2884,3066,3211,3339,3425,3552,3718,3872,4049,4195,4342,4495,4621,4841,5048,5352,5683,5908,6077,6285,6516,6850,7310,7656,7960,8232,8562,8897,9211,9586,9586
52,Wyoming,43.1700264,-107.5685348,0,0,0,0,0,0,0,0,0,0,0,0,0,0,0,0,0,0,0,0,0,0,0,0,0,0,0,0,0,0,0,0,0,0,0,0,0,0,0,0,0,0,0,0,0,0,0,0,0,0,1,1,2,2,2,11,16,18,21,23,26,26,29,43,52,69,81,85,93,108,127,147,158,183,193,206,212,217,226,235,256,265,270,277,282,291,299,303,307,311,437,441,447,467,485,496,513,528,537,551,558,571,578,588,596,623,627,636,636
